{"cameraMode":{"drawMode":0,"name":"Shaded","section":"Shading Mode"},"sceneLighting":false,"audioPlay":false,"sceneViewState":{"m_AlwaysRefresh":false,"showFog":true,"showSkybox":false,"showFlares":true,"showImageEffects":true,"showParticleSystems":true,"showVisualEffectGraphs":true,"m_FxEnabled":true},"in2DMode":false,"pivot":{"x":1.5264171361923218,"y":1.524899959564209,"z":3.8733716011047365},"rotation":{"x":0.11387450248003006,"y":0.09077519178390503,"z":-0.010443312115967274,"w":0.9892960786819458},"size":3.7961320877075197,"orthographic":true}